{"stats":{"minecraft:picked_up":{"minecraft:oak_hanging_sign":1,"minecraft:wheat_seeds":5,"minecraft:dirt":1},"minecraft:used":{"minecraft:oak_log":43,"minecraft:water_bucket":20,"minecraft:sea_lantern":18,"minecraft:blue_dye":1,"minecraft:dirt":7,"minecraft:oak_slab":122,"minecraft:command_block":4,"minecraft:red_wool":38,"minecraft:oak_stairs":43,"minecraft:lantern":7,"minecraft:grass_block":5,"minecraft:spruce_stairs":8,"minecraft:oak_planks":342,"minecraft:chain":9,"minecraft:oak_sign":22,"minecraft:oak_hanging_sign":3,"minecraft:white_dye":1,"minecraft:beacon":7,"minecraft:glow_ink_sac":2,"minecraft:player_head":1},"minecraft:mined":{"minecraft:grass_block":1},"minecraft:custom":{"minecraft:time_since_rest":36630,"minecraft:sprint_one_cm":10395,"minecraft:play_time":36630,"minecraft:damage_taken":25,"minecraft:walk_one_cm":65752,"minecraft:sneak_time":229,"minecraft:jump":52,"minecraft:damage_dealt":9,"minecraft:leave_game":3,"minecraft:time_since_death":36630,"minecraft:total_world_time":36630,"minecraft:fly_one_cm":65561}},"DataVersion":3700}