{"stats":{"minecraft:picked_up":{"minecraft:wheat_seeds":1,"minecraft:dirt":5},"minecraft:used":{"minecraft:dirt":6,"minecraft:spruce_log":1},"minecraft:mined":{"minecraft:tall_grass":3,"minecraft:grass_block":3,"minecraft:dirt":1},"minecraft:dropped":{"minecraft:dirt":1,"minecraft:wheat_seeds":1},"minecraft:custom":{"minecraft:jump":47,"minecraft:time_since_rest":8521,"minecraft:leave_game":4,"minecraft:play_time":8521,"minecraft:sprint_one_cm":4612,"minecraft:time_since_death":8521,"minecraft:walk_one_cm":1922,"minecraft:total_world_time":8521,"minecraft:fall_one_cm":627,"minecraft:drop":2,"minecraft:fly_one_cm":12801}},"DataVersion":3700}